type,link
text,<iframe style="width:120px;height:240px;" marginwidth="0" marginheight="0" scrolling="no" frameborder="0" src="//ws-na.amazon-adsystem.com/widgets/q?ServiceVersion=20070822&OneJS=1&Operation=GetAdHtml&MarketPlace=US&source=ac&ref=tf_til&ad_type=product_link&tracking_id=jhhappyhour-20&marketplace=amazon&region=US&placement=0394750594&asins=0394750594&linkId=7ce99d91e132f5c6e6fdea5b625e7e4f&show_border=true&link_opens_in_new_window=true&price_color=333333&title_color=0066c0&bg_color=fafafa">
text,<iframe style="width:120px;height:240px;" marginwidth="0" marginheight="0" scrolling="no" frameborder="0" src="//ws-na.amazon-adsystem.com/widgets/q?ServiceVersion=20070822&OneJS=1&Operation=GetAdHtml&MarketPlace=US&source=ac&ref=tf_til&ad_type=product_link&tracking_id=jhhappyhour-20&marketplace=amazon&region=US&placement=1557833737&asins=1557833737&linkId=24e4ea4b1c28003dc709c7c6ff85ed00&show_border=true&link_opens_in_new_window=true&price_color=333333&title_color=0066c0&bg_color=fafafa">
text,<iframe style="width:120px;height:240px;" marginwidth="0" marginheight="0" scrolling="no" frameborder="0" src="//ws-na.amazon-adsystem.com/widgets/q?ServiceVersion=20070822&OneJS=1&Operation=GetAdHtml&MarketPlace=US&source=ac&ref=tf_til&ad_type=product_link&tracking_id=jhhappyhour-20&marketplace=amazon&region=US&placement=1626549974&asins=1626549974&linkId=e4d423f369ceed192ff12746b7c9b76f&show_border=true&link_opens_in_new_window=true&price_color=333333&title_color=0066c0&bg_color=fafafa">
text,<iframe style="width:120px;height:240px;" marginwidth="0" marginheight="0" scrolling="no" frameborder="0" src="//ws-na.amazon-adsystem.com/widgets/q?ServiceVersion=20070822&OneJS=1&Operation=GetAdHtml&MarketPlace=US&source=ac&ref=tf_til&ad_type=product_link&tracking_id=jhhappyhour-20&marketplace=amazon&region=US&placement=0553272950&asins=0553272950&linkId=f49401a0b09c15f6d2e18958bea32778&show_border=true&link_opens_in_new_window=true&price_color=333333&title_color=0066c0&bg_color=fafafa">
text,<iframe style="width:120px;height:240px;" marginwidth="0" marginheight="0" scrolling="no" frameborder="0" src="//ws-na.amazon-adsystem.com/widgets/q?ServiceVersion=20070822&OneJS=1&Operation=GetAdHtml&MarketPlace=US&source=ac&ref=tf_til&ad_type=product_link&tracking_id=jhhappyhour-20&marketplace=amazon&region=US&placement=0060928190&asins=0060928190&linkId=09912dfae5b0a30bf2d3b47c85c675fa&show_border=true&link_opens_in_new_window=true&price_color=333333&title_color=0066c0&bg_color=fafafa">
text,<iframe style="width:120px;height:240px;" marginwidth="0" marginheight="0" scrolling="no" frameborder="0" src="//ws-na.amazon-adsystem.com/widgets/q?ServiceVersion=20070822&OneJS=1&Operation=GetAdHtml&MarketPlace=US&source=ac&ref=tf_til&ad_type=product_link&tracking_id=jhhappyhour-20&marketplace=amazon&region=US&placement=0062292099&asins=0062292099&linkId=1ad862b77b2e4832081839abee045e11&show_border=true&link_opens_in_new_window=true&price_color=333333&title_color=0066c0&bg_color=fafafa">
text,<iframe style="width:120px;height:240px;" marginwidth="0" marginheight="0" scrolling="no" frameborder="0" src="//ws-na.amazon-adsystem.com/widgets/q?ServiceVersion=20070822&OneJS=1&Operation=GetAdHtml&MarketPlace=US&source=ac&ref=tf_til&ad_type=product_link&tracking_id=jhhappyhour-20&marketplace=amazon&region=US&placement=0470228482&asins=0470228482&linkId=eea91a6441f2134b951656bc53398f06&show_border=true&link_opens_in_new_window=true&price_color=333333&title_color=0066c0&bg_color=fafafa">
text,<iframe style="width:120px;height:240px;" marginwidth="0" marginheight="0" scrolling="no" frameborder="0" src="//ws-na.amazon-adsystem.com/widgets/q?ServiceVersion=20070822&OneJS=1&Operation=GetAdHtml&MarketPlace=US&source=ac&ref=tf_til&ad_type=product_link&tracking_id=jhhappyhour-20&marketplace=amazon&region=US&placement=B0001Z3IHG&asins=B0001Z3IHG&linkId=6ccacc36b555c231f9ca240e13f80609&show_border=true&link_opens_in_new_window=true&price_color=333333&title_color=0066c0&bg_color=fafafa">
text,<iframe style="width:120px;height:240px;" marginwidth="0" marginheight="0" scrolling="no" frameborder="0" src="//ws-na.amazon-adsystem.com/widgets/q?ServiceVersion=20070822&OneJS=1&Operation=GetAdHtml&MarketPlace=US&source=ac&ref=tf_til&ad_type=product_link&tracking_id=jhhappyhour-20&marketplace=amazon&region=US&placement=0684829576&asins=0684829576&linkId=4fd0dc0cc4a691f9915edb522ce4153a&show_border=true&link_opens_in_new_window=true&price_color=333333&title_color=0066c0&bg_color=fafafa">
text,<iframe style="width:120px;height:240px;" marginwidth="0" marginheight="0" scrolling="no" frameborder="0" src="//ws-na.amazon-adsystem.com/widgets/q?ServiceVersion=20070822&OneJS=1&Operation=GetAdHtml&MarketPlace=US&source=ac&ref=tf_til&ad_type=product_link&tracking_id=jhhappyhour-20&marketplace=amazon&region=US&placement=0896762505&asins=0896762505&linkId=c43d2d62a65a9ceaa0b324322bb8ddcc&show_border=true&link_opens_in_new_window=true&price_color=333333&title_color=0066c0&bg_color=fafafa">
score,<iframe style="width:120px;height:240px;" marginwidth="0" marginheight="0" scrolling="no" frameborder="0" src="//ws-na.amazon-adsystem.com/widgets/q?ServiceVersion=20070822&OneJS=1&Operation=GetAdHtml&MarketPlace=US&source=ac&ref=tf_til&ad_type=product_link&tracking_id=jhhappyhour-20&marketplace=amazon&region=US&placement=1495083217&asins=1495083217&linkId=41ade164ad41e217b0ece80b8e42b52f&show_border=true&link_opens_in_new_window=true&price_color=333333&title_color=0066c0&bg_color=fafafa">
score,<iframe style="width:120px;height:240px;" marginwidth="0" marginheight="0" scrolling="no" frameborder="0" src="//ws-na.amazon-adsystem.com/widgets/q?ServiceVersion=20070822&OneJS=1&Operation=GetAdHtml&MarketPlace=US&source=ac&ref=tf_til&ad_type=product_link&tracking_id=jhhappyhour-20&marketplace=amazon&region=US&placement=063407881X&asins=063407881X&linkId=ff0aefe682f20737d2db576e39a3ef71&show_border=true&link_opens_in_new_window=true&price_color=333333&title_color=0066c0&bg_color=fafafa">
score,<iframe style="width:120px;height:240px;" marginwidth="0" marginheight="0" scrolling="no" frameborder="0" src="//ws-na.amazon-adsystem.com/widgets/q?ServiceVersion=20070822&OneJS=1&Operation=GetAdHtml&MarketPlace=US&source=ac&ref=tf_til&ad_type=product_link&tracking_id=jhhappyhour-20&marketplace=amazon&region=US&placement=1780387776&asins=1780387776&linkId=8c719048681b8f875e525fda2677f9d4&show_border=true&link_opens_in_new_window=true&price_color=333333&title_color=0066c0&bg_color=fafafa">
score,<iframe style="width:120px;height:240px;" marginwidth="0" marginheight="0" scrolling="no" frameborder="0" src="//ws-na.amazon-adsystem.com/widgets/q?ServiceVersion=20070822&OneJS=1&Operation=GetAdHtml&MarketPlace=US&source=ac&ref=tf_til&ad_type=product_link&tracking_id=jhhappyhour-20&marketplace=amazon&region=US&placement=1575608294&asins=1575608294&linkId=a01d5645725cb796d9abf4e88f53f775&show_border=true&link_opens_in_new_window=true&price_color=333333&title_color=0066c0&bg_color=fafafa">
score,<iframe style="width:120px;height:240px;" marginwidth="0" marginheight="0" scrolling="no" frameborder="0" src="//ws-na.amazon-adsystem.com/widgets/q?ServiceVersion=20070822&OneJS=1&Operation=GetAdHtml&MarketPlace=US&source=ac&ref=tf_til&ad_type=product_link&tracking_id=jhhappyhour-20&marketplace=amazon&region=US&placement=1495057542&asins=1495057542&linkId=5a89d7160fd802cd3f58a73ca19e10c5&show_border=true&link_opens_in_new_window=true&price_color=333333&title_color=0066c0&bg_color=fafafa">
score,<iframe style="width:120px;height:240px;" marginwidth="0" marginheight="0" scrolling="no" frameborder="0" src="//ws-na.amazon-adsystem.com/widgets/q?ServiceVersion=20070822&OneJS=1&Operation=GetAdHtml&MarketPlace=US&source=ac&ref=tf_til&ad_type=product_link&tracking_id=jhhappyhour-20&marketplace=amazon&region=US&placement=1495003442&asins=1495003442&linkId=f74055695f2c23641b3c60b52eda8403&show_border=true&link_opens_in_new_window=true&price_color=333333&title_color=0066c0&bg_color=fafafa">
score,<iframe style="width:120px;height:240px;" marginwidth="0" marginheight="0" scrolling="no" frameborder="0" src="//ws-na.amazon-adsystem.com/widgets/q?ServiceVersion=20070822&OneJS=1&Operation=GetAdHtml&MarketPlace=US&source=ac&ref=tf_til&ad_type=product_link&tracking_id=jhhappyhour-20&marketplace=amazon&region=US&placement=0793594111&asins=0793594111&linkId=a7974a9a59e7670865f87a511a57dc6e&show_border=true&link_opens_in_new_window=true&price_color=333333&title_color=0066c0&bg_color=fafafa">
score,<iframe style="width:120px;height:240px;" marginwidth="0" marginheight="0" scrolling="no" frameborder="0" src="//ws-na.amazon-adsystem.com/widgets/q?ServiceVersion=20070822&OneJS=1&Operation=GetAdHtml&MarketPlace=US&source=ac&ref=tf_til&ad_type=product_link&tracking_id=jhhappyhour-20&marketplace=amazon&region=US&placement=0943351685&asins=0943351685&linkId=e936dd61b6c424c48a021bd1a64a9b2e&show_border=true&link_opens_in_new_window=true&price_color=333333&title_color=0066c0&bg_color=fafafa">
score,<iframe style="width:120px;height:240px;" marginwidth="0" marginheight="0" scrolling="no" frameborder="0" src="//ws-na.amazon-adsystem.com/widgets/q?ServiceVersion=20070822&OneJS=1&Operation=GetAdHtml&MarketPlace=US&source=ac&ref=tf_til&ad_type=product_link&tracking_id=jhhappyhour-20&marketplace=amazon&region=US&placement=1480366129&asins=1480366129&linkId=45bddc9f7938f74cb83195fa9e67edcd&show_border=true&link_opens_in_new_window=true&price_color=333333&title_color=0066c0&bg_color=fafafa">
score,<iframe style="width:120px;height:240px;" marginwidth="0" marginheight="0" scrolling="no" frameborder="0" src="//ws-na.amazon-adsystem.com/widgets/q?ServiceVersion=20070822&OneJS=1&Operation=GetAdHtml&MarketPlace=US&source=ac&ref=tf_til&ad_type=product_link&tracking_id=jhhappyhour-20&marketplace=amazon&region=US&placement=1495091678&asins=1495091678&linkId=63255bc6fa293c3146c28447f952fdeb&show_border=true&link_opens_in_new_window=true&price_color=333333&title_color=0066c0&bg_color=fafafa">
score,<iframe style="width:120px;height:240px;" marginwidth="0" marginheight="0" scrolling="no" frameborder="0" src="//ws-na.amazon-adsystem.com/widgets/q?ServiceVersion=20070822&OneJS=1&Operation=GetAdHtml&MarketPlace=US&source=ac&ref=tf_til&ad_type=product_link&tracking_id=jhhappyhour-20&marketplace=amazon&region=US&placement=1495091260&asins=1495091260&linkId=a59b916bd0c57413aff3e325697a3be4&show_border=true&link_opens_in_new_window=true&price_color=333333&title_color=0066c0&bg_color=fafafa">
score,<iframe style="width:120px;height:240px;" marginwidth="0" marginheight="0" scrolling="no" frameborder="0" src="//ws-na.amazon-adsystem.com/widgets/q?ServiceVersion=20070822&OneJS=1&Operation=GetAdHtml&MarketPlace=US&source=ac&ref=tf_til&ad_type=product_link&tracking_id=jhhappyhour-20&marketplace=amazon&region=US&placement=0573704791&asins=0573704791&linkId=392150aaf29f18498f7f3491f5df684c&show_border=true&link_opens_in_new_window=true&price_color=333333&title_color=0066c0&bg_color=fafafa">
score,<iframe style="width:120px;height:240px;" marginwidth="0" marginheight="0" scrolling="no" frameborder="0" src="//ws-na.amazon-adsystem.com/widgets/q?ServiceVersion=20070822&OneJS=1&Operation=GetAdHtml&MarketPlace=US&source=ac&ref=tf_til&ad_type=product_link&tracking_id=jhhappyhour-20&marketplace=amazon&region=US&placement=1423437942&asins=1423437942&linkId=e99aaae39f2ad8b98b6060600b7bbadd&show_border=true&link_opens_in_new_window=true&price_color=333333&title_color=0066c0&bg_color=fafafa">
score,<iframe style="width:120px;height:240px;" marginwidth="0" marginheight="0" scrolling="no" frameborder="0" src="//ws-na.amazon-adsystem.com/widgets/q?ServiceVersion=20070822&OneJS=1&Operation=GetAdHtml&MarketPlace=US&source=ac&ref=tf_til&ad_type=product_link&tracking_id=jhhappyhour-20&marketplace=amazon&region=US&placement=1495075702&asins=1495075702&linkId=88634fc09ce150553fcc8d36d4bdd608&show_border=true&link_opens_in_new_window=true&price_color=333333&title_color=0066c0&bg_color=fafafa">
score,<iframe style="width:120px;height:240px;" marginwidth="0" marginheight="0" scrolling="no" frameborder="0" src="//ws-na.amazon-adsystem.com/widgets/q?ServiceVersion=20070822&OneJS=1&Operation=GetAdHtml&MarketPlace=US&source=ac&ref=tf_til&ad_type=product_link&tracking_id=jhhappyhour-20&marketplace=amazon&region=US&placement=1480386790&asins=1480386790&linkId=eb36d028ced04028d938ed951becc576&show_border=true&link_opens_in_new_window=true&price_color=333333&title_color=0066c0&bg_color=fafafa">
score,<iframe style="width:120px;height:240px;" marginwidth="0" marginheight="0" scrolling="no" frameborder="0" src="//ws-na.amazon-adsystem.com/widgets/q?ServiceVersion=20070822&OneJS=1&Operation=GetAdHtml&MarketPlace=US&source=ac&ref=tf_til&ad_type=product_link&tracking_id=jhhappyhour-20&marketplace=amazon&region=US&placement=0881880671&asins=0881880671&linkId=340c9233e63a2951960fa903f337a6df&show_border=true&link_opens_in_new_window=true&price_color=333333&title_color=0066c0&bg_color=fafafa">
score,<iframe style="width:120px;height:240px;" marginwidth="0" marginheight="0" scrolling="no" frameborder="0" src="//ws-na.amazon-adsystem.com/widgets/q?ServiceVersion=20070822&OneJS=1&Operation=GetAdHtml&MarketPlace=US&source=ac&ref=tf_til&ad_type=product_link&tracking_id=jhhappyhour-20&marketplace=amazon&region=US&placement=0571533892&asins=0571533892&linkId=aa8f786c089ddd4b536dc83a805b2fda&show_border=true&link_opens_in_new_window=true&price_color=333333&title_color=0066c0&bg_color=fafafa">
score,<iframe style="width:120px;height:240px;" marginwidth="0" marginheight="0" scrolling="no" frameborder="0" src="//ws-na.amazon-adsystem.com/widgets/q?ServiceVersion=20070822&OneJS=1&Operation=GetAdHtml&MarketPlace=US&source=ac&ref=tf_til&ad_type=product_link&tracking_id=jhhappyhour-20&marketplace=amazon&region=US&placement=1603783725&asins=1603783725&linkId=558733cde3a30bd16472f8bc232fd05a&show_border=true&link_opens_in_new_window=true&price_color=333333&title_color=0066c0&bg_color=fafafa">
score,<iframe style="width:120px;height:240px;" marginwidth="0" marginheight="0" scrolling="no" frameborder="0" src="//ws-na.amazon-adsystem.com/widgets/q?ServiceVersion=20070822&OneJS=1&Operation=GetAdHtml&MarketPlace=US&source=ac&ref=tf_til&ad_type=product_link&tracking_id=jhhappyhour-20&marketplace=amazon&region=US&placement=1480342211&asins=1480342211&linkId=aa0b95728094d5aec3eb255f130feee4&show_border=true&link_opens_in_new_window=true&price_color=333333&title_color=0066c0&bg_color=fafafa">
score,<iframe style="width:120px;height:240px;" marginwidth="0" marginheight="0" scrolling="no" frameborder="0" src="//ws-na.amazon-adsystem.com/widgets/q?ServiceVersion=20070822&OneJS=1&Operation=GetAdHtml&MarketPlace=US&source=ac&ref=tf_til&ad_type=product_link&tracking_id=jhhappyhour-20&marketplace=amazon&region=US&placement=0739081047&asins=0739081047&linkId=0aba2da4b3ecd5e33010b4b1f7d89687&show_border=true&link_opens_in_new_window=true&price_color=333333&title_color=0066c0&bg_color=fafafa">
score,<iframe style="width:120px;height:240px;" marginwidth="0" marginheight="0" scrolling="no" frameborder="0" src="//ws-na.amazon-adsystem.com/widgets/q?ServiceVersion=20070822&OneJS=1&Operation=GetAdHtml&MarketPlace=US&source=ac&ref=tf_til&ad_type=product_link&tracking_id=jhhappyhour-20&marketplace=amazon&region=US&placement=0793535646&asins=0793535646&linkId=bbf53eb21988c7cb4e84cd8ad3b9c6de&show_border=true&link_opens_in_new_window=true&price_color=333333&title_color=0066c0&bg_color=fafafa">
score,<iframe style="width:120px;height:240px;" marginwidth="0" marginheight="0" scrolling="no" frameborder="0" src="//ws-na.amazon-adsystem.com/widgets/q?ServiceVersion=20070822&OneJS=1&Operation=GetAdHtml&MarketPlace=US&source=ac&ref=tf_til&ad_type=product_link&tracking_id=jhhappyhour-20&marketplace=amazon&region=US&placement=1603781358&asins=1603781358&linkId=7717cfb5171acfde298732cccf12171c&show_border=true&link_opens_in_new_window=true&price_color=333333&title_color=0066c0&bg_color=fafafa">
score,<iframe style="width:120px;height:240px;" marginwidth="0" marginheight="0" scrolling="no" frameborder="0" src="//ws-na.amazon-adsystem.com/widgets/q?ServiceVersion=20070822&OneJS=1&Operation=GetAdHtml&MarketPlace=US&source=ac&ref=tf_til&ad_type=product_link&tracking_id=jhhappyhour-20&marketplace=amazon&region=US&placement=1423493842&asins=1423493842&linkId=0aa562cfda9d6806e06b84b37f1f7c3e&show_border=true&link_opens_in_new_window=true&price_color=333333&title_color=0066c0&bg_color=fafafa">
score,<iframe style="width:120px;height:240px;" marginwidth="0" marginheight="0" scrolling="no" frameborder="0" src="//ws-na.amazon-adsystem.com/widgets/q?ServiceVersion=20070822&OneJS=1&Operation=GetAdHtml&MarketPlace=US&source=ac&ref=tf_til&ad_type=product_link&tracking_id=jhhappyhour-20&marketplace=amazon&region=US&placement=1495058166&asins=1495058166&linkId=4ef62d3fcddff4e3422217d7b7b6ed52&show_border=true&link_opens_in_new_window=true&price_color=333333&title_color=0066c0&bg_color=fafafa">
score,<iframe style="width:120px;height:240px;" marginwidth="0" marginheight="0" scrolling="no" frameborder="0" src="//ws-na.amazon-adsystem.com/widgets/q?ServiceVersion=20070822&OneJS=1&Operation=GetAdHtml&MarketPlace=US&source=ac&ref=tf_til&ad_type=product_link&tracking_id=jhhappyhour-20&marketplace=amazon&region=US&placement=1480332453&asins=1480332453&linkId=98bcbc8505aeae87bedbb82f1fbbde9a&show_border=true&link_opens_in_new_window=true&price_color=333333&title_color=0066c0&bg_color=fafafa">
score,<iframe style="width:120px;height:240px;" marginwidth="0" marginheight="0" scrolling="no" frameborder="0" src="//ws-na.amazon-adsystem.com/widgets/q?ServiceVersion=20070822&OneJS=1&Operation=GetAdHtml&MarketPlace=US&source=ac&ref=tf_til&ad_type=product_link&tracking_id=jhhappyhour-20&marketplace=amazon&region=US&placement=0793525861&asins=0793525861&linkId=c6f6b209cb8fa26fe7cf1b8cebf1f788&show_border=true&link_opens_in_new_window=true&price_color=333333&title_color=0066c0&bg_color=fafafa">
score,<iframe style="width:120px;height:240px;" marginwidth="0" marginheight="0" scrolling="no" frameborder="0" src="//ws-na.amazon-adsystem.com/widgets/q?ServiceVersion=20070822&OneJS=1&Operation=GetAdHtml&MarketPlace=US&source=ac&ref=tf_til&ad_type=product_link&tracking_id=jhhappyhour-20&marketplace=amazon&region=US&placement=1458477223&asins=1458477223&linkId=9b5127622295b70cd011853d0445f77f&show_border=true&link_opens_in_new_window=true&price_color=333333&title_color=0066c0&bg_color=fafafa">
score,<iframe style="width:120px;height:240px;" marginwidth="0" marginheight="0" scrolling="no" frameborder="0" src="//ws-na.amazon-adsystem.com/widgets/q?ServiceVersion=20070822&OneJS=1&Operation=GetAdHtml&MarketPlace=US&source=ac&ref=tf_til&ad_type=product_link&tracking_id=jhhappyhour-20&marketplace=amazon&region=US&placement=1495072452&asins=1495072452&linkId=28418c5e4ca7ce5d633fe01a181c0cba&show_border=true&link_opens_in_new_window=true&price_color=333333&title_color=0066c0&bg_color=fafafa">
score,<iframe style="width:120px;height:240px;" marginwidth="0" marginheight="0" scrolling="no" frameborder="0" src="//ws-na.amazon-adsystem.com/widgets/q?ServiceVersion=20070822&OneJS=1&Operation=GetAdHtml&MarketPlace=US&source=ac&ref=tf_til&ad_type=product_link&tracking_id=jhhappyhour-20&marketplace=amazon&region=US&placement=1423495802&asins=1423495802&linkId=1f183d79d40bbdc36e29675f6974e966&show_border=true&link_opens_in_new_window=true&price_color=333333&title_color=0066c0&bg_color=fafafa">
score,<iframe style="width:120px;height:240px;" marginwidth="0" marginheight="0" scrolling="no" frameborder="0" src="//ws-na.amazon-adsystem.com/widgets/q?ServiceVersion=20070822&OneJS=1&Operation=GetAdHtml&MarketPlace=US&source=ac&ref=tf_til&ad_type=product_link&tracking_id=jhhappyhour-20&marketplace=amazon&region=US&placement=1476814163&asins=1476814163&linkId=5fe91e83a00d66518f2dc493fa5d0db8&show_border=true&link_opens_in_new_window=true&price_color=333333&title_color=0066c0&bg_color=fafafa">
score,<iframe style="width:120px;height:240px;" marginwidth="0" marginheight="0" scrolling="no" frameborder="0" src="//ws-na.amazon-adsystem.com/widgets/q?ServiceVersion=20070822&OneJS=1&Operation=GetAdHtml&MarketPlace=US&source=ac&ref=tf_til&ad_type=product_link&tracking_id=jhhappyhour-20&marketplace=amazon&region=US&placement=1423400968&asins=1423400968&linkId=010463ab11d332f6d656d1993159089d&show_border=true&link_opens_in_new_window=true&price_color=333333&title_color=0066c0&bg_color=fafafa">
score,<iframe style="width:120px;height:240px;" marginwidth="0" marginheight="0" scrolling="no" frameborder="0" src="//ws-na.amazon-adsystem.com/widgets/q?ServiceVersion=20070822&OneJS=1&Operation=GetAdHtml&MarketPlace=US&source=ac&ref=tf_til&ad_type=product_link&tracking_id=jhhappyhour-20&marketplace=amazon&region=US&placement=1557837376&asins=1557837376&linkId=989932069307cf880c27146aab4a7367&show_border=true&link_opens_in_new_window=true&price_color=333333&title_color=0066c0&bg_color=fafafa">
score,<iframe style="width:120px;height:240px;" marginwidth="0" marginheight="0" scrolling="no" frameborder="0" src="//ws-na.amazon-adsystem.com/widgets/q?ServiceVersion=20070822&OneJS=1&Operation=GetAdHtml&MarketPlace=US&source=ac&ref=tf_til&ad_type=product_link&tracking_id=jhhappyhour-20&marketplace=amazon&region=US&placement=0757900917&asins=0757900917&linkId=5c0434baf0d9c42c5fcfc1423a4b8abc&show_border=true&link_opens_in_new_window=true&price_color=333333&title_color=0066c0&bg_color=fafafa">
score,<iframe style="width:120px;height:240px;" marginwidth="0" marginheight="0" scrolling="no" frameborder="0" src="//ws-na.amazon-adsystem.com/widgets/q?ServiceVersion=20070822&OneJS=1&Operation=GetAdHtml&MarketPlace=US&source=ac&ref=tf_til&ad_type=product_link&tracking_id=jhhappyhour-20&marketplace=amazon&region=US&placement=1423483715&asins=1423483715&linkId=fde524190b599ad602ce27ef3963f51c&show_border=true&link_opens_in_new_window=true&price_color=333333&title_color=0066c0&bg_color=fafafa">
score,<iframe style="width:120px;height:240px;" marginwidth="0" marginheight="0" scrolling="no" frameborder="0" src="//ws-na.amazon-adsystem.com/widgets/q?ServiceVersion=20070822&OneJS=1&Operation=GetAdHtml&MarketPlace=US&source=ac&ref=tf_til&ad_type=product_link&tracking_id=jhhappyhour-20&marketplace=amazon&region=US&placement=0739078593&asins=0739078593&linkId=0c0870040712000c1980452d8af7cbd5&show_border=true&link_opens_in_new_window=true&price_color=333333&title_color=0066c0&bg_color=fafafa">
score,<iframe style="width:120px;height:240px;" marginwidth="0" marginheight="0" scrolling="no" frameborder="0" src="//ws-na.amazon-adsystem.com/widgets/q?ServiceVersion=20070822&OneJS=1&Operation=GetAdHtml&MarketPlace=US&source=ac&ref=tf_til&ad_type=product_link&tracking_id=jhhappyhour-20&marketplace=amazon&region=US&placement=0634079190&asins=0634079190&linkId=c939ce00b78d0606fac8d0e80507380c&show_border=true&link_opens_in_new_window=true&price_color=333333&title_color=0066c0&bg_color=fafafa">
score,<iframe style="width:120px;height:240px;" marginwidth="0" marginheight="0" scrolling="no" frameborder="0" src="//ws-na.amazon-adsystem.com/widgets/q?ServiceVersion=20070822&OneJS=1&Operation=GetAdHtml&MarketPlace=US&source=ac&ref=tf_til&ad_type=product_link&tracking_id=jhhappyhour-20&marketplace=amazon&region=US&placement=1575600714&asins=1575600714&linkId=2a62713efc9c16f1a1a0777ebafeedbf&show_border=true&link_opens_in_new_window=true&price_color=333333&title_color=0066c0&bg_color=fafafa">
score,<iframe style="width:120px;height:240px;" marginwidth="0" marginheight="0" scrolling="no" frameborder="0" src="//ws-na.amazon-adsystem.com/widgets/q?ServiceVersion=20070822&OneJS=1&Operation=GetAdHtml&MarketPlace=US&source=ac&ref=tf_til&ad_type=product_link&tracking_id=jhhappyhour-20&marketplace=amazon&region=US&placement=0881885770&asins=0881885770&linkId=d7daa50717301c0bd4f52267166e91fe&show_border=true&link_opens_in_new_window=true&price_color=333333&title_color=0066c0&bg_color=fafafa">
score,<iframe style="width:120px;height:240px;" marginwidth="0" marginheight="0" scrolling="no" frameborder="0" src="//ws-na.amazon-adsystem.com/widgets/q?ServiceVersion=20070822&OneJS=1&Operation=GetAdHtml&MarketPlace=US&source=ac&ref=tf_til&ad_type=product_link&tracking_id=jhhappyhour-20&marketplace=amazon&region=US&placement=1480383651&asins=1480383651&linkId=d828063348d2b117349f1a072c40509c&show_border=true&link_opens_in_new_window=true&price_color=333333&title_color=0066c0&bg_color=fafafa">
score,<iframe style="width:120px;height:240px;" marginwidth="0" marginheight="0" scrolling="no" frameborder="0" src="//ws-na.amazon-adsystem.com/widgets/q?ServiceVersion=20070822&OneJS=1&Operation=GetAdHtml&MarketPlace=US&source=ac&ref=tf_til&ad_type=product_link&tracking_id=jhhappyhour-20&marketplace=amazon&region=US&placement=0881889180&asins=0881889180&linkId=8afaa1f7ed9a4b015dd3cc88d20de792&show_border=true&link_opens_in_new_window=true&price_color=333333&title_color=0066c0&bg_color=fafafa">
score,<iframe style="width:120px;height:240px;" marginwidth="0" marginheight="0" scrolling="no" frameborder="0" src="//ws-na.amazon-adsystem.com/widgets/q?ServiceVersion=20070822&OneJS=1&Operation=GetAdHtml&MarketPlace=US&source=ac&ref=tf_til&ad_type=product_link&tracking_id=jhhappyhour-20&marketplace=amazon&region=US&placement=0634058355&asins=0634058355&linkId=9d682479de961f7bc2e8c8639f6627ae&show_border=true&link_opens_in_new_window=true&price_color=333333&title_color=0066c0&bg_color=fafafa">
score,<iframe style="width:120px;height:240px;" marginwidth="0" marginheight="0" scrolling="no" frameborder="0" src="//ws-na.amazon-adsystem.com/widgets/q?ServiceVersion=20070822&OneJS=1&Operation=GetAdHtml&MarketPlace=US&source=ac&ref=tf_til&ad_type=product_link&tracking_id=jhhappyhour-20&marketplace=amazon&region=US&placement=148039677X&asins=148039677X&linkId=27f15609469b009f448f4aefc9718828&show_border=true&link_opens_in_new_window=true&price_color=333333&title_color=0066c0&bg_color=fafafa">
score,<iframe style="width:120px;height:240px;" marginwidth="0" marginheight="0" scrolling="no" frameborder="0" src="//ws-na.amazon-adsystem.com/widgets/q?ServiceVersion=20070822&OneJS=1&Operation=GetAdHtml&MarketPlace=US&source=ac&ref=tf_til&ad_type=product_link&tracking_id=jhhappyhour-20&marketplace=amazon&region=US&placement=0769259863&asins=0769259863&linkId=3dc8caea82c76cdc4c5522fdace5c6eb&show_border=true&link_opens_in_new_window=true&price_color=333333&title_color=0066c0&bg_color=fafafa">
score,<iframe style="width:120px;height:240px;" marginwidth="0" marginheight="0" scrolling="no" frameborder="0" src="//ws-na.amazon-adsystem.com/widgets/q?ServiceVersion=20070822&OneJS=1&Operation=GetAdHtml&MarketPlace=US&source=ac&ref=tf_til&ad_type=product_link&tracking_id=jhhappyhour-20&marketplace=amazon&region=US&placement=0739098365&asins=0739098365&linkId=275065a9d7170e228da048a855020e19&show_border=true&link_opens_in_new_window=true&price_color=333333&title_color=0066c0&bg_color=fafafa">
score,<iframe style="width:120px;height:240px;" marginwidth="0" marginheight="0" scrolling="no" frameborder="0" src="//ws-na.amazon-adsystem.com/widgets/q?ServiceVersion=20070822&OneJS=1&Operation=GetAdHtml&MarketPlace=US&source=ac&ref=tf_til&ad_type=product_link&tracking_id=jhhappyhour-20&marketplace=amazon&region=US&placement=0881884472&asins=0881884472&linkId=1305045c1364562597d289e41f37eb81&show_border=true&link_opens_in_new_window=true&price_color=333333&title_color=0066c0&bg_color=fafafa">
score,<iframe style="width:120px;height:240px;" marginwidth="0" marginheight="0" scrolling="no" frameborder="0" src="//ws-na.amazon-adsystem.com/widgets/q?ServiceVersion=20070822&OneJS=1&Operation=GetAdHtml&MarketPlace=US&source=ac&ref=tf_til&ad_type=product_link&tracking_id=jhhappyhour-20&marketplace=amazon&region=US&placement=1576239551&asins=1576239551&linkId=356c5f88fdd031a9a09a58e98ada44f1&show_border=true&link_opens_in_new_window=true&price_color=333333&title_color=0066c0&bg_color=fafafa">
score,<iframe style="width:120px;height:240px;" marginwidth="0" marginheight="0" scrolling="no" frameborder="0" src="//ws-na.amazon-adsystem.com/widgets/q?ServiceVersion=20070822&OneJS=1&Operation=GetAdHtml&MarketPlace=US&source=ac&ref=tf_til&ad_type=product_link&tracking_id=jhhappyhour-20&marketplace=amazon&region=US&placement=088188636X&asins=088188636X&linkId=04bcce1a68f95c1f0ec069a71731a7df&show_border=true&link_opens_in_new_window=true&price_color=333333&title_color=0066c0&bg_color=fafafa">
score,<iframe style="width:120px;height:240px;" marginwidth="0" marginheight="0" scrolling="no" frameborder="0" src="//ws-na.amazon-adsystem.com/widgets/q?ServiceVersion=20070822&OneJS=1&Operation=GetAdHtml&MarketPlace=US&source=ac&ref=tf_til&ad_type=product_link&tracking_id=jhhappyhour-20&marketplace=amazon&region=US&placement=0739064479&asins=0739064479&linkId=895f76dbed9c7534eb64cb981bc20cd9&show_border=true&link_opens_in_new_window=true&price_color=333333&title_color=0066c0&bg_color=fafafa">
score,<iframe style="width:120px;height:240px;" marginwidth="0" marginheight="0" scrolling="no" frameborder="0" src="//ws-na.amazon-adsystem.com/widgets/q?ServiceVersion=20070822&OneJS=1&Operation=GetAdHtml&MarketPlace=US&source=ac&ref=tf_til&ad_type=product_link&tracking_id=jhhappyhour-20&marketplace=amazon&region=US&placement=0881882011&asins=0881882011&linkId=5e2e6c989597d5dfb5380f4d247cbc3c&show_border=true&link_opens_in_new_window=true&price_color=333333&title_color=0066c0&bg_color=fafafa">
score,<iframe style="width:120px;height:240px;" marginwidth="0" marginheight="0" scrolling="no" frameborder="0" src="//ws-na.amazon-adsystem.com/widgets/q?ServiceVersion=20070822&OneJS=1&Operation=GetAdHtml&MarketPlace=US&source=ac&ref=tf_til&ad_type=product_link&tracking_id=jhhappyhour-20&marketplace=amazon&region=US&placement=1423445813&asins=1423445813&linkId=2f0c9060726be5784b14d00b6a383de5&show_border=true&link_opens_in_new_window=true&price_color=333333&title_color=0066c0&bg_color=fafafa">
score,<iframe style="width:120px;height:240px;" marginwidth="0" marginheight="0" scrolling="no" frameborder="0" src="//ws-na.amazon-adsystem.com/widgets/q?ServiceVersion=20070822&OneJS=1&Operation=GetAdHtml&MarketPlace=US&source=ac&ref=tf_til&ad_type=product_link&tracking_id=jhhappyhour-20&marketplace=amazon&region=US&placement=1480394866&asins=1480394866&linkId=1e182ee3225b74202e8f351bda3ebedd&show_border=true&link_opens_in_new_window=true&price_color=333333&title_color=0066c0&bg_color=fafafa">
score,<iframe style="width:120px;height:240px;" marginwidth="0" marginheight="0" scrolling="no" frameborder="0" src="//ws-na.amazon-adsystem.com/widgets/q?ServiceVersion=20070822&OneJS=1&Operation=GetAdHtml&MarketPlace=US&source=ac&ref=tf_til&ad_type=product_link&tracking_id=jhhappyhour-20&marketplace=amazon&region=US&placement=1480353477&asins=1480353477&linkId=ca8d73fcf465ca725d540329bd8730e9&show_border=true&link_opens_in_new_window=true&price_color=333333&title_color=0066c0&bg_color=fafafa">
score,<iframe style="width:120px;height:240px;" marginwidth="0" marginheight="0" scrolling="no" frameborder="0" src="//ws-na.amazon-adsystem.com/widgets/q?ServiceVersion=20070822&OneJS=1&Operation=GetAdHtml&MarketPlace=US&source=ac&ref=tf_til&ad_type=product_link&tracking_id=jhhappyhour-20&marketplace=amazon&region=US&placement=0739045628&asins=0739045628&linkId=e7be837a88ca4dc0fa3f1207c7f4f305&show_border=true&link_opens_in_new_window=true&price_color=333333&title_color=0066c0&bg_color=fafafa">
score,<iframe style="width:120px;height:240px;" marginwidth="0" marginheight="0" scrolling="no" frameborder="0" src="//ws-na.amazon-adsystem.com/widgets/q?ServiceVersion=20070822&OneJS=1&Operation=GetAdHtml&MarketPlace=US&source=ac&ref=tf_til&ad_type=product_link&tracking_id=jhhappyhour-20&marketplace=amazon&region=US&placement=0739081357&asins=0739081357&linkId=4f9b0c273f05d8c457333536e1d6f3c8&show_border=true&link_opens_in_new_window=true&price_color=333333&title_color=0066c0&bg_color=fafafa">
score,<iframe style="width:120px;height:240px;" marginwidth="0" marginheight="0" scrolling="no" frameborder="0" src="//ws-na.amazon-adsystem.com/widgets/q?ServiceVersion=20070822&OneJS=1&Operation=GetAdHtml&MarketPlace=US&source=ac&ref=tf_til&ad_type=product_link&tracking_id=jhhappyhour-20&marketplace=amazon&region=US&placement=1495069427&asins=1495069427&linkId=786d2dde5188d2b41bff453100f37b4c&show_border=true&link_opens_in_new_window=true&price_color=333333&title_color=0066c0&bg_color=fafafa">
score,<iframe style="width:120px;height:240px;" marginwidth="0" marginheight="0" scrolling="no" frameborder="0" src="//ws-na.amazon-adsystem.com/widgets/q?ServiceVersion=20070822&OneJS=1&Operation=GetAdHtml&MarketPlace=US&source=ac&ref=tf_til&ad_type=product_link&tracking_id=jhhappyhour-20&marketplace=amazon&region=US&placement=1423421868&asins=1423421868&linkId=25c76ed3c17bcdb0739124fe163b3af2&show_border=true&link_opens_in_new_window=true&price_color=333333&title_color=0066c0&bg_color=fafafa">
score,<iframe style="width:120px;height:240px;" marginwidth="0" marginheight="0" scrolling="no" frameborder="0" src="//ws-na.amazon-adsystem.com/widgets/q?ServiceVersion=20070822&OneJS=1&Operation=GetAdHtml&MarketPlace=US&source=ac&ref=tf_til&ad_type=product_link&tracking_id=jhhappyhour-20&marketplace=amazon&region=US&placement=1458423271&asins=1458423271&linkId=89a92bff1902b9f29e150c722a34a368&show_border=true&link_opens_in_new_window=true&price_color=333333&title_color=0066c0&bg_color=fafafa">
score,<iframe style="width:120px;height:240px;" marginwidth="0" marginheight="0" scrolling="no" frameborder="0" src="//ws-na.amazon-adsystem.com/widgets/q?ServiceVersion=20070822&OneJS=1&Operation=GetAdHtml&MarketPlace=US&source=ac&ref=tf_til&ad_type=product_link&tracking_id=jhhappyhour-20&marketplace=amazon&region=US&placement=1480342653&asins=1480342653&linkId=ea990754b926e59e238e236de00ef46e&show_border=true&link_opens_in_new_window=true&price_color=333333&title_color=0066c0&bg_color=fafafa">
score,<iframe style="width:120px;height:240px;" marginwidth="0" marginheight="0" scrolling="no" frameborder="0" src="//ws-na.amazon-adsystem.com/widgets/q?ServiceVersion=20070822&OneJS=1&Operation=GetAdHtml&MarketPlace=US&source=ac&ref=tf_til&ad_type=product_link&tracking_id=jhhappyhour-20&marketplace=amazon&region=US&placement=1495059057&asins=1495059057&linkId=a72621dec399861703f9c685f7427d6b&show_border=true&link_opens_in_new_window=true&price_color=333333&title_color=0066c0&bg_color=fafafa">
score,<iframe style="width:120px;height:240px;" marginwidth="0" marginheight="0" scrolling="no" frameborder="0" src="//ws-na.amazon-adsystem.com/widgets/q?ServiceVersion=20070822&OneJS=1&Operation=GetAdHtml&MarketPlace=US&source=ac&ref=tf_til&ad_type=product_link&tracking_id=jhhappyhour-20&marketplace=amazon&region=US&placement=0793567637&asins=0793567637&linkId=66f0433da23fecfd0f1133290b07530c&show_border=true&link_opens_in_new_window=true&price_color=333333&title_color=0066c0&bg_color=fafafa">
score,<iframe style="width:120px;height:240px;" marginwidth="0" marginheight="0" scrolling="no" frameborder="0" src="//ws-na.amazon-adsystem.com/widgets/q?ServiceVersion=20070822&OneJS=1&Operation=GetAdHtml&MarketPlace=US&source=ac&ref=tf_til&ad_type=product_link&tracking_id=jhhappyhour-20&marketplace=amazon&region=US&placement=0634096842&asins=0634096842&linkId=6dc4aac921e9fd6250880cffd6c21d52&show_border=true&link_opens_in_new_window=true&price_color=333333&title_color=0066c0&bg_color=fafafa">
score,<iframe style="width:120px;height:240px;" marginwidth="0" marginheight="0" scrolling="no" frameborder="0" src="//ws-na.amazon-adsystem.com/widgets/q?ServiceVersion=20070822&OneJS=1&Operation=GetAdHtml&MarketPlace=US&source=ac&ref=tf_til&ad_type=product_link&tracking_id=jhhappyhour-20&marketplace=amazon&region=US&placement=0634064835&asins=0634064835&linkId=0483055162d05fb1bc845055ab3c9283&show_border=true&link_opens_in_new_window=true&price_color=333333&title_color=0066c0&bg_color=fafafa">
score,<iframe style="width:120px;height:240px;" marginwidth="0" marginheight="0" scrolling="no" frameborder="0" src="//ws-na.amazon-adsystem.com/widgets/q?ServiceVersion=20070822&OneJS=1&Operation=GetAdHtml&MarketPlace=US&source=ac&ref=tf_til&ad_type=product_link&tracking_id=jhhappyhour-20&marketplace=amazon&region=US&placement=0739054899&asins=0739054899&linkId=ddcda284a91a8f8811f7d649b84c3408&show_border=true&link_opens_in_new_window=true&price_color=333333&title_color=0066c0&bg_color=fafafa">
score,<iframe style="width:120px;height:240px;" marginwidth="0" marginheight="0" scrolling="no" frameborder="0" src="//ws-na.amazon-adsystem.com/widgets/q?ServiceVersion=20070822&OneJS=1&Operation=GetAdHtml&MarketPlace=US&source=ac&ref=tf_til&ad_type=product_link&tracking_id=jhhappyhour-20&marketplace=amazon&region=US&placement=0739060716&asins=0739060716&linkId=2226f45a88936ed879f2e8a5ea36f382&show_border=true&link_opens_in_new_window=true&price_color=333333&title_color=0066c0&bg_color=fafafa">
score,<iframe style="width:120px;height:240px;" marginwidth="0" marginheight="0" scrolling="no" frameborder="0" src="//ws-na.amazon-adsystem.com/widgets/q?ServiceVersion=20070822&OneJS=1&Operation=GetAdHtml&MarketPlace=US&source=ac&ref=tf_til&ad_type=product_link&tracking_id=jhhappyhour-20&marketplace=amazon&region=US&placement=0757980511&asins=0757980511&linkId=9d7fe847bc944be2920b4c684e228a7b&show_border=true&link_opens_in_new_window=true&price_color=333333&title_color=0066c0&bg_color=fafafa">
score,<iframe style="width:120px;height:240px;" marginwidth="0" marginheight="0" scrolling="no" frameborder="0" src="//ws-na.amazon-adsystem.com/widgets/q?ServiceVersion=20070822&OneJS=1&Operation=GetAdHtml&MarketPlace=US&source=ac&ref=tf_til&ad_type=product_link&tracking_id=jhhappyhour-20&marketplace=amazon&region=US&placement=142345393X&asins=142345393X&linkId=6e0b932984caa41280e526fb96d8c41e&show_border=true&link_opens_in_new_window=true&price_color=333333&title_color=0066c0&bg_color=fafafa">
score,<iframe style="width:120px;height:240px;" marginwidth="0" marginheight="0" scrolling="no" frameborder="0" src="//ws-na.amazon-adsystem.com/widgets/q?ServiceVersion=20070822&OneJS=1&Operation=GetAdHtml&MarketPlace=US&source=ac&ref=tf_til&ad_type=product_link&tracking_id=jhhappyhour-20&marketplace=amazon&region=US&placement=0739096885&asins=0739096885&linkId=907863cbaf536779b5eb4f5372a1c492&show_border=true&link_opens_in_new_window=true&price_color=333333&title_color=0066c0&bg_color=fafafa">
score,<iframe style="width:120px;height:240px;" marginwidth="0" marginheight="0" scrolling="no" frameborder="0" src="//ws-na.amazon-adsystem.com/widgets/q?ServiceVersion=20070822&OneJS=1&Operation=GetAdHtml&MarketPlace=US&source=ac&ref=tf_til&ad_type=product_link&tracking_id=jhhappyhour-20&marketplace=amazon&region=US&placement=149506199X&asins=149506199X&linkId=64ad63bf131d93b55103863e223052fc&show_border=true&link_opens_in_new_window=true&price_color=333333&title_color=0066c0&bg_color=fafafa">
score,<iframe style="width:120px;height:240px;" marginwidth="0" marginheight="0" scrolling="no" frameborder="0" src="//ws-na.amazon-adsystem.com/widgets/q?ServiceVersion=20070822&OneJS=1&Operation=GetAdHtml&MarketPlace=US&source=ac&ref=tf_til&ad_type=product_link&tracking_id=jhhappyhour-20&marketplace=amazon&region=US&placement=088188491X&asins=088188491X&linkId=8035421c7f9ceafdbc5bd83b9ac239f2&show_border=true&link_opens_in_new_window=true&price_color=333333&title_color=0066c0&bg_color=fafafa">
score,<iframe style="width:120px;height:240px;" marginwidth="0" marginheight="0" scrolling="no" frameborder="0" src="//ws-na.amazon-adsystem.com/widgets/q?ServiceVersion=20070822&OneJS=1&Operation=GetAdHtml&MarketPlace=US&source=ac&ref=tf_til&ad_type=product_link&tracking_id=jhhappyhour-20&marketplace=amazon&region=US&placement=1423472640&asins=1423472640&linkId=a4e1b2a730f0d8b4db201be9449bc48d&show_border=true&link_opens_in_new_window=true&price_color=333333&title_color=0066c0&bg_color=fafafa">
score,<iframe style="width:120px;height:240px;" marginwidth="0" marginheight="0" scrolling="no" frameborder="0" src="//ws-na.amazon-adsystem.com/widgets/q?ServiceVersion=20070822&OneJS=1&Operation=GetAdHtml&MarketPlace=US&source=ac&ref=tf_til&ad_type=product_link&tracking_id=jhhappyhour-20&marketplace=amazon&region=US&placement=142347287X&asins=142347287X&linkId=c0d49082577a6a06049c1386c4b73919&show_border=true&link_opens_in_new_window=true&price_color=333333&title_color=0066c0&bg_color=fafafa">
score,<iframe style="width:120px;height:240px;" marginwidth="0" marginheight="0" scrolling="no" frameborder="0" src="//ws-na.amazon-adsystem.com/widgets/q?ServiceVersion=20070822&OneJS=1&Operation=GetAdHtml&MarketPlace=US&source=ac&ref=tf_til&ad_type=product_link&tracking_id=jhhappyhour-20&marketplace=amazon&region=US&placement=B00G95882C&asins=B00G95882C&linkId=fc950adc7031e3636a5ece7ca51b8467&show_border=true&link_opens_in_new_window=true&price_color=333333&title_color=0066c0&bg_color=fafafa">
score,<iframe style="width:120px;height:240px;" marginwidth="0" marginheight="0" scrolling="no" frameborder="0" src="//ws-na.amazon-adsystem.com/widgets/q?ServiceVersion=20070822&OneJS=1&Operation=GetAdHtml&MarketPlace=US&source=ac&ref=tf_til&ad_type=product_link&tracking_id=jhhappyhour-20&marketplace=amazon&region=US&placement=149501861X&asins=149501861X&linkId=8c10d8ff6b4d97ded6f709eca74aa2ba&show_border=true&link_opens_in_new_window=true&price_color=333333&title_color=0066c0&bg_color=fafafa">
score,<iframe style="width:120px;height:240px;" marginwidth="0" marginheight="0" scrolling="no" frameborder="0" src="//ws-na.amazon-adsystem.com/widgets/q?ServiceVersion=20070822&OneJS=1&Operation=GetAdHtml&MarketPlace=US&source=ac&ref=tf_til&ad_type=product_link&tracking_id=jhhappyhour-20&marketplace=amazon&region=US&placement=0739038885&asins=0739038885&linkId=7e4e90c3d49ac7eebf6370f6c12e82d3&show_border=true&link_opens_in_new_window=true&price_color=333333&title_color=0066c0&bg_color=fafafa">
score,<iframe style="width:120px;height:240px;" marginwidth="0" marginheight="0" scrolling="no" frameborder="0" src="//ws-na.amazon-adsystem.com/widgets/q?ServiceVersion=20070822&OneJS=1&Operation=GetAdHtml&MarketPlace=US&source=ac&ref=tf_til&ad_type=product_link&tracking_id=jhhappyhour-20&marketplace=amazon&region=US&placement=0881884464&asins=0881884464&linkId=d31eea6d5f49967bbda13858286acac6&show_border=true&link_opens_in_new_window=true&price_color=333333&title_color=0066c0&bg_color=fafafa">
score,<iframe style="width:120px;height:240px;" marginwidth="0" marginheight="0" scrolling="no" frameborder="0" src="//ws-na.amazon-adsystem.com/widgets/q?ServiceVersion=20070822&OneJS=1&Operation=GetAdHtml&MarketPlace=US&source=ac&ref=tf_til&ad_type=product_link&tracking_id=jhhappyhour-20&marketplace=amazon&region=US&placement=088188541X&asins=088188541X&linkId=31847669f5005eaa4282326a340cd1c9&show_border=true&link_opens_in_new_window=true&price_color=333333&title_color=0066c0&bg_color=fafafa">
score,<iframe style="width:120px;height:240px;" marginwidth="0" marginheight="0" scrolling="no" frameborder="0" src="//ws-na.amazon-adsystem.com/widgets/q?ServiceVersion=20070822&OneJS=1&Operation=GetAdHtml&MarketPlace=US&source=ac&ref=tf_til&ad_type=product_link&tracking_id=jhhappyhour-20&marketplace=amazon&region=US&placement=0739073451&asins=0739073451&linkId=e6686f403ef27ca91237c42f825a7d0c&show_border=true&link_opens_in_new_window=true&price_color=333333&title_color=0066c0&bg_color=fafafa">
monologue,<iframe style="width:120px;height:240px;" marginwidth="0" marginheight="0" scrolling="no" frameborder="0" src="//ws-na.amazon-adsystem.com/widgets/q?ServiceVersion=20070822&OneJS=1&Operation=GetAdHtml&MarketPlace=US&source=ac&ref=tf_til&ad_type=product_link&tracking_id=jhhappyhour-20&marketplace=amazon&region=US&placement=0823099490&asins=0823099490&linkId=e2cbc2ffa51fb1941792987363b6d4dd&show_border=true&link_opens_in_new_window=true&price_color=333333&title_color=0066c0&bg_color=fafafa">
monologue,<iframe style="width:120px;height:240px;" marginwidth="0" marginheight="0" scrolling="no" frameborder="0" src="//ws-na.amazon-adsystem.com/widgets/q?ServiceVersion=20070822&OneJS=1&Operation=GetAdHtml&MarketPlace=US&source=ac&ref=tf_til&ad_type=product_link&tracking_id=jhhappyhour-20&marketplace=amazon&region=US&placement=0140096493&asins=0140096493&linkId=8f0e4d2a7861826af1c3decd612d4fdf&show_border=true&link_opens_in_new_window=true&price_color=333333&title_color=0066c0&bg_color=fafafa">
monologue,<iframe style="width:120px;height:240px;" marginwidth="0" marginheight="0" scrolling="no" frameborder="0" src="//ws-na.amazon-adsystem.com/widgets/q?ServiceVersion=20070822&OneJS=1&Operation=GetAdHtml&MarketPlace=US&source=ac&ref=tf_til&ad_type=product_link&tracking_id=jhhappyhour-20&marketplace=amazon&region=US&placement=0553263668&asins=0553263668&linkId=d4cc24d11015285561152248aa09fc40&show_border=true&link_opens_in_new_window=true&price_color=333333&title_color=0066c0&bg_color=fafafa">
monologue,<iframe style="width:120px;height:240px;" marginwidth="0" marginheight="0" scrolling="no" frameborder="0" src="//ws-na.amazon-adsystem.com/widgets/q?ServiceVersion=20070822&OneJS=1&Operation=GetAdHtml&MarketPlace=US&source=ac&ref=tf_til&ad_type=product_link&tracking_id=jhhappyhour-20&marketplace=amazon&region=US&placement=1566080975&asins=1566080975&linkId=02db434260e3247d1ca91158b856f6ee&show_border=true&link_opens_in_new_window=true&price_color=333333&title_color=0066c0&bg_color=fafafa">
monologue,<iframe style="width:120px;height:240px;" marginwidth="0" marginheight="0" scrolling="no" frameborder="0" src="//ws-na.amazon-adsystem.com/widgets/q?ServiceVersion=20070822&OneJS=1&Operation=GetAdHtml&MarketPlace=US&source=ac&ref=tf_til&ad_type=product_link&tracking_id=jhhappyhour-20&marketplace=amazon&region=US&placement=0140106766&asins=0140106766&linkId=6346f72c5d6b1a939cbbec65e5e8ac38&show_border=true&link_opens_in_new_window=true&price_color=333333&title_color=0066c0&bg_color=fafafa">
monologue,<iframe style="width:120px;height:240px;" marginwidth="0" marginheight="0" scrolling="no" frameborder="0" src="//ws-na.amazon-adsystem.com/widgets/q?ServiceVersion=20070822&OneJS=1&Operation=GetAdHtml&MarketPlace=US&source=ac&ref=tf_til&ad_type=product_link&tracking_id=jhhappyhour-20&marketplace=amazon&region=US&placement=1138857254&asins=1138857254&linkId=aab81ef83497c484516feb1766aecbb6&show_border=true&link_opens_in_new_window=true&price_color=333333&title_color=0066c0&bg_color=fafafa">
monologue,<iframe style="width:120px;height:240px;" marginwidth="0" marginheight="0" scrolling="no" frameborder="0" src="//ws-na.amazon-adsystem.com/widgets/q?ServiceVersion=20070822&OneJS=1&Operation=GetAdHtml&MarketPlace=US&source=ac&ref=tf_til&ad_type=product_link&tracking_id=jhhappyhour-20&marketplace=amazon&region=US&placement=1575253461&asins=1575253461&linkId=ed2e72d4e289abd12bbc298449c4cf45&show_border=true&link_opens_in_new_window=true&price_color=333333&title_color=0066c0&bg_color=fafafa">
monologue,<iframe style="width:120px;height:240px;" marginwidth="0" marginheight="0" scrolling="no" frameborder="0" src="//ws-na.amazon-adsystem.com/widgets/q?ServiceVersion=20070822&OneJS=1&Operation=GetAdHtml&MarketPlace=US&source=ac&ref=tf_til&ad_type=product_link&tracking_id=jhhappyhour-20&marketplace=amazon&region=US&placement=1575255332&asins=1575255332&linkId=03753a701fa9018ab439f53ec1a07c3f&show_border=true&link_opens_in_new_window=true&price_color=333333&title_color=0066c0&bg_color=fafafa">
monologue,<iframe style="width:120px;height:240px;" marginwidth="0" marginheight="0" scrolling="no" frameborder="0" src="//ws-na.amazon-adsystem.com/widgets/q?ServiceVersion=20070822&OneJS=1&Operation=GetAdHtml&MarketPlace=US&source=ac&ref=tf_til&ad_type=product_link&tracking_id=jhhappyhour-20&marketplace=amazon&region=US&placement=1559365358&asins=1559365358&linkId=2f583532efc7c773ed1bbdf2fa3666ac&show_border=true&link_opens_in_new_window=true&price_color=333333&title_color=0066c0&bg_color=fafafa">
monologue,<iframe style="width:120px;height:240px;" marginwidth="0" marginheight="0" scrolling="no" frameborder="0" src="//ws-na.amazon-adsystem.com/widgets/q?ServiceVersion=20070822&OneJS=1&Operation=GetAdHtml&MarketPlace=US&source=ac&ref=tf_til&ad_type=product_link&tracking_id=jhhappyhour-20&marketplace=amazon&region=US&placement=1575259079&asins=1575259079&linkId=ad141c50eee1cb05fc16bc579e3268ac&show_border=true&link_opens_in_new_window=true&price_color=333333&title_color=0066c0&bg_color=fafafa">
play,<iframe style="width:120px;height:240px;" marginwidth="0" marginheight="0" scrolling="no" frameborder="0" src="//ws-na.amazon-adsystem.com/widgets/q?ServiceVersion=20070822&OneJS=1&Operation=GetAdHtml&MarketPlace=US&source=ac&ref=tf_til&ad_type=product_link&tracking_id=jhhappyhour-20&marketplace=amazon&region=US&placement=1559362014&asins=1559362014&linkId=0d2074b00e04d9995806dfac5af03e6a&show_border=true&link_opens_in_new_window=true&price_color=333333&title_color=0066c0&bg_color=fafafa">
play,<iframe style="width:120px;height:240px;" marginwidth="0" marginheight="0" scrolling="no" frameborder="0" src="//ws-na.amazon-adsystem.com/widgets/q?ServiceVersion=20070822&OneJS=1&Operation=GetAdHtml&MarketPlace=US&source=ac&ref=tf_til&ad_type=product_link&tracking_id=jhhappyhour-20&marketplace=amazon&region=US&placement=1559361352&asins=1559361352&linkId=fb303c0dfa84def2b8004d90d26086c5&show_border=true&link_opens_in_new_window=true&price_color=333333&title_color=0066c0&bg_color=fafafa">
play,<iframe style="width:120px;height:240px;" marginwidth="0" marginheight="0" scrolling="no" frameborder="0" src="//ws-na.amazon-adsystem.com/widgets/q?ServiceVersion=20070822&OneJS=1&Operation=GetAdHtml&MarketPlace=US&source=ac&ref=tf_til&ad_type=product_link&tracking_id=jhhappyhour-20&marketplace=amazon&region=US&placement=0822217562&asins=0822217562&linkId=f50b31020bb4ee7f2c9ce1d7dcae1fe6&show_border=true&link_opens_in_new_window=true&price_color=333333&title_color=0066c0&bg_color=fafafa">
play,<iframe style="width:120px;height:240px;" marginwidth="0" marginheight="0" scrolling="no" frameborder="0" src="//ws-na.amazon-adsystem.com/widgets/q?ServiceVersion=20070822&OneJS=1&Operation=GetAdHtml&MarketPlace=US&source=ac&ref=tf_til&ad_type=product_link&tracking_id=jhhappyhour-20&marketplace=amazon&region=US&placement=1559365323&asins=1559365323&linkId=f4fd1384a9041754041b999e7009978d&show_border=true&link_opens_in_new_window=true&price_color=333333&title_color=0066c0&bg_color=fafafa">
play,<iframe style="width:120px;height:240px;" marginwidth="0" marginheight="0" scrolling="no" frameborder="0" src="//ws-na.amazon-adsystem.com/widgets/q?ServiceVersion=20070822&OneJS=1&Operation=GetAdHtml&MarketPlace=US&source=ac&ref=tf_til&ad_type=product_link&tracking_id=jhhappyhour-20&marketplace=amazon&region=US&placement=155936355X&asins=155936355X&linkId=03366175e6056af1da5b47c7ad2cf228&show_border=true&link_opens_in_new_window=true&price_color=333333&title_color=0066c0&bg_color=fafafa">
play,<iframe style="width:120px;height:240px;" marginwidth="0" marginheight="0" scrolling="no" frameborder="0" src="//ws-na.amazon-adsystem.com/widgets/q?ServiceVersion=20070822&OneJS=1&Operation=GetAdHtml&MarketPlace=US&source=ac&ref=tf_til&ad_type=product_link&tracking_id=jhhappyhour-20&marketplace=amazon&region=US&placement=184842437X&asins=184842437X&linkId=f5f8de6683ddce33e4f5dee66eb32e17&show_border=true&link_opens_in_new_window=true&price_color=333333&title_color=0066c0&bg_color=fafafa">
play,<iframe style="width:120px;height:240px;" marginwidth="0" marginheight="0" scrolling="no" frameborder="0" src="//ws-na.amazon-adsystem.com/widgets/q?ServiceVersion=20070822&OneJS=1&Operation=GetAdHtml&MarketPlace=US&source=ac&ref=tf_til&ad_type=product_link&tracking_id=jhhappyhour-20&marketplace=amazon&region=US&placement=1559361727&asins=1559361727&linkId=aaac868acca5899af4f9f4bc479f3055&show_border=true&link_opens_in_new_window=true&price_color=333333&title_color=0066c0&bg_color=fafafa">
play,<iframe style="width:120px;height:240px;" marginwidth="0" marginheight="0" scrolling="no" frameborder="0" src="//ws-na.amazon-adsystem.com/widgets/q?ServiceVersion=20070822&OneJS=1&Operation=GetAdHtml&MarketPlace=US&source=ac&ref=tf_til&ad_type=product_link&tracking_id=jhhappyhour-20&marketplace=amazon&region=US&placement=1559363401&asins=1559363401&linkId=010f0dfd00f076f8e953cfe1c06e46d9&show_border=true&link_opens_in_new_window=true&price_color=333333&title_color=0066c0&bg_color=fafafa">
play,<iframe style="width:120px;height:240px;" marginwidth="0" marginheight="0" scrolling="no" frameborder="0" src="//ws-na.amazon-adsystem.com/widgets/q?ServiceVersion=20070822&OneJS=1&Operation=GetAdHtml&MarketPlace=US&source=ac&ref=tf_til&ad_type=product_link&tracking_id=jhhappyhour-20&marketplace=amazon&region=US&placement=1559361581&asins=1559361581&linkId=481cd107bb37a7768028900903cbcfb6&show_border=true&link_opens_in_new_window=true&price_color=333333&title_color=0066c0&bg_color=fafafa">
play,<iframe style="width:120px;height:240px;" marginwidth="0" marginheight="0" scrolling="no" frameborder="0" src="//ws-na.amazon-adsystem.com/widgets/q?ServiceVersion=20070822&OneJS=1&Operation=GetAdHtml&MarketPlace=US&source=ac&ref=tf_til&ad_type=product_link&tracking_id=jhhappyhour-20&marketplace=amazon&region=US&placement=1559363630&asins=1559363630&linkId=1b3099d7040ae2d9fab4eca59b737f7b&show_border=true&link_opens_in_new_window=true&price_color=333333&title_color=0066c0&bg_color=fafafa">
play,<iframe style="width:120px;height:240px;" marginwidth="0" marginheight="0" scrolling="no" frameborder="0" src="//ws-na.amazon-adsystem.com/widgets/q?ServiceVersion=20070822&OneJS=1&Operation=GetAdHtml&MarketPlace=US&source=ac&ref=tf_til&ad_type=product_link&tracking_id=jhhappyhour-20&marketplace=amazon&region=US&placement=0802139124&asins=0802139124&linkId=837e7a7432e6c08a791df3a942392545&show_border=true&link_opens_in_new_window=true&price_color=333333&title_color=0066c0&bg_color=fafafa">
play,<iframe style="width:120px;height:240px;" marginwidth="0" marginheight="0" scrolling="no" frameborder="0" src="//ws-na.amazon-adsystem.com/widgets/q?ServiceVersion=20070822&OneJS=1&Operation=GetAdHtml&MarketPlace=US&source=ac&ref=tf_til&ad_type=product_link&tracking_id=jhhappyhour-20&marketplace=amazon&region=US&placement=0802139124&asins=0802139124&linkId=837e7a7432e6c08a791df3a942392545&show_border=true&link_opens_in_new_window=true&price_color=333333&title_color=0066c0&bg_color=fafafa">
play,<iframe style="width:120px;height:240px;" marginwidth="0" marginheight="0" scrolling="no" frameborder="0" src="//ws-na.amazon-adsystem.com/widgets/q?ServiceVersion=20070822&OneJS=1&Operation=GetAdHtml&MarketPlace=US&source=ac&ref=tf_til&ad_type=product_link&tracking_id=jhhappyhour-20&marketplace=amazon&region=US&placement=0802132758&asins=0802132758&linkId=be1646aaa8a1a55628a237f3afe43bec&show_border=true&link_opens_in_new_window=true&price_color=333333&title_color=0066c0&bg_color=fafafa">
play,<iframe style="width:120px;height:240px;" marginwidth="0" marginheight="0" scrolling="no" frameborder="0" src="//ws-na.amazon-adsystem.com/widgets/q?ServiceVersion=20070822&OneJS=1&Operation=GetAdHtml&MarketPlace=US&source=ac&ref=tf_til&ad_type=product_link&tracking_id=jhhappyhour-20&marketplace=amazon&region=US&placement=0802126995&asins=0802126995&linkId=17971f08b83abc57ecb7d3a5b6bfd59b&show_border=true&link_opens_in_new_window=true&price_color=333333&title_color=0066c0&bg_color=fafafa">
play,<iframe style="width:120px;height:240px;" marginwidth="0" marginheight="0" scrolling="no" frameborder="0" src="//ws-na.amazon-adsystem.com/widgets/q?ServiceVersion=20070822&OneJS=1&Operation=GetAdHtml&MarketPlace=US&source=ac&ref=tf_til&ad_type=product_link&tracking_id=jhhappyhour-20&marketplace=amazon&region=US&placement=0571197515&asins=0571197515&linkId=759458435d84af53fcaaa5d1280c0374&show_border=true&link_opens_in_new_window=true&price_color=333333&title_color=0066c0&bg_color=fafafa">
play,<iframe style="width:120px;height:240px;" marginwidth="0" marginheight="0" scrolling="no" frameborder="0" src="//ws-na.amazon-adsystem.com/widgets/q?ServiceVersion=20070822&OneJS=1&Operation=GetAdHtml&MarketPlace=US&source=ac&ref=tf_til&ad_type=product_link&tracking_id=jhhappyhour-20&marketplace=amazon&region=US&placement=0571125298&asins=0571125298&linkId=c440207a166ad645d215eea2ff3a3265&show_border=true&link_opens_in_new_window=true&price_color=333333&title_color=0066c0&bg_color=fafafa">
play,<iframe style="width:120px;height:240px;" marginwidth="0" marginheight="0" scrolling="no" frameborder="0" src="//ws-na.amazon-adsystem.com/widgets/q?ServiceVersion=20070822&OneJS=1&Operation=GetAdHtml&MarketPlace=US&source=ac&ref=tf_til&ad_type=product_link&tracking_id=jhhappyhour-20&marketplace=amazon&region=US&placement=0822217317&asins=0822217317&linkId=d3c71d2b1e2377ed766fb7ea23a304e5&show_border=true&link_opens_in_new_window=true&price_color=333333&title_color=0066c0&bg_color=fafafa">
play,<iframe style="width:120px;height:240px;" marginwidth="0" marginheight="0" scrolling="no" frameborder="0" src="//ws-na.amazon-adsystem.com/widgets/q?ServiceVersion=20070822&OneJS=1&Operation=GetAdHtml&MarketPlace=US&source=ac&ref=tf_til&ad_type=product_link&tracking_id=jhhappyhour-20&marketplace=amazon&region=US&placement=0452264014&asins=0452264014&linkId=25c29da1d6d86f7e93a7413453c52bed&show_border=true&link_opens_in_new_window=true&price_color=333333&title_color=0066c0&bg_color=fafafa">
play,<iframe style="width:120px;height:240px;" marginwidth="0" marginheight="0" scrolling="no" frameborder="0" src="//ws-na.amazon-adsystem.com/widgets/q?ServiceVersion=20070822&OneJS=1&Operation=GetAdHtml&MarketPlace=US&source=ac&ref=tf_til&ad_type=product_link&tracking_id=jhhappyhour-20&marketplace=amazon&region=US&placement=0452265347&asins=0452265347&linkId=e92c729f1b1da8b373f3c3da97ce591a&show_border=true&link_opens_in_new_window=true&price_color=333333&title_color=0066c0&bg_color=fafafa">
play,<iframe style="width:120px;height:240px;" marginwidth="0" marginheight="0" scrolling="no" frameborder="0" src="//ws-na.amazon-adsystem.com/widgets/q?ServiceVersion=20070822&OneJS=1&Operation=GetAdHtml&MarketPlace=US&source=ac&ref=tf_til&ad_type=product_link&tracking_id=jhhappyhour-20&marketplace=amazon&region=US&placement=1559363045&asins=1559363045&linkId=f7cf2d93b02a124a4cc7aaf4bb0aba62&show_border=true&link_opens_in_new_window=true&price_color=333333&title_color=0066c0&bg_color=fafafa">
play,<iframe style="width:120px;height:240px;" marginwidth="0" marginheight="0" scrolling="no" frameborder="0" src="//ws-na.amazon-adsystem.com/widgets/q?ServiceVersion=20070822&OneJS=1&Operation=GetAdHtml&MarketPlace=US&source=ac&ref=tf_til&ad_type=product_link&tracking_id=jhhappyhour-20&marketplace=amazon&region=US&placement=1559363088&asins=1559363088&linkId=cd9bb3a2e1b7cfb278fdafb773b6003d&show_border=true&link_opens_in_new_window=true&price_color=333333&title_color=0066c0&bg_color=fafafa">
play,<iframe style="width:120px;height:240px;" marginwidth="0" marginheight="0" scrolling="no" frameborder="0" src="//ws-na.amazon-adsystem.com/widgets/q?ServiceVersion=20070822&OneJS=1&Operation=GetAdHtml&MarketPlace=US&source=ac&ref=tf_til&ad_type=product_link&tracking_id=jhhappyhour-20&marketplace=amazon&region=US&placement=1559362669&asins=1559362669&linkId=4d1e777ce5f47bcfe264476750fc4118&show_border=true&link_opens_in_new_window=true&price_color=333333&title_color=0066c0&bg_color=fafafa">
play,<iframe style="width:120px;height:240px;" marginwidth="0" marginheight="0" scrolling="no" frameborder="0" src="//ws-na.amazon-adsystem.com/widgets/q?ServiceVersion=20070822&OneJS=1&Operation=GetAdHtml&MarketPlace=US&source=ac&ref=tf_til&ad_type=product_link&tracking_id=jhhappyhour-20&marketplace=amazon&region=US&placement=0573662444&asins=0573662444&linkId=c8a9e19c43498e4235e3c633778a6fc0&show_border=true&link_opens_in_new_window=true&price_color=333333&title_color=0066c0&bg_color=fafafa">
play,<iframe style="width:120px;height:240px;" marginwidth="0" marginheight="0" scrolling="no" frameborder="0" src="//ws-na.amazon-adsystem.com/widgets/q?ServiceVersion=20070822&OneJS=1&Operation=GetAdHtml&MarketPlace=US&source=ac&ref=tf_til&ad_type=product_link&tracking_id=jhhappyhour-20&marketplace=amazon&region=US&placement=1559363606&asins=1559363606&linkId=aafcdf6af3c30e535dde5d55617bfe70&show_border=true&link_opens_in_new_window=true&price_color=333333&title_color=0066c0&bg_color=fafafa">
play,<iframe style="width:120px;height:240px;" marginwidth="0" marginheight="0" scrolling="no" frameborder="0" src="//ws-na.amazon-adsystem.com/widgets/q?ServiceVersion=20070822&OneJS=1&Operation=GetAdHtml&MarketPlace=US&source=ac&ref=tf_til&ad_type=product_link&tracking_id=jhhappyhour-20&marketplace=amazon&region=US&placement=1559365420&asins=1559365420&linkId=3a8399498da2422815c64a92fab4790c&show_border=true&link_opens_in_new_window=true&price_color=333333&title_color=0066c0&bg_color=fafafa">
play,<iframe style="width:120px;height:240px;" marginwidth="0" marginheight="0" scrolling="no" frameborder="0" src="//ws-na.amazon-adsystem.com/widgets/q?ServiceVersion=20070822&OneJS=1&Operation=GetAdHtml&MarketPlace=US&source=ac&ref=tf_til&ad_type=product_link&tracking_id=jhhappyhour-20&marketplace=amazon&region=US&placement=1559363894&asins=1559363894&linkId=41635624fb12d745d7d99f11f84bc0a3&show_border=true&link_opens_in_new_window=true&price_color=333333&title_color=0066c0&bg_color=fafafa">
play,<iframe style="width:120px;height:240px;" marginwidth="0" marginheight="0" scrolling="no" frameborder="0" src="//ws-na.amazon-adsystem.com/widgets/q?ServiceVersion=20070822&OneJS=1&Operation=GetAdHtml&MarketPlace=US&source=ac&ref=tf_til&ad_type=product_link&tracking_id=jhhappyhour-20&marketplace=amazon&region=US&placement=0679755330&asins=0679755330&linkId=6c66db6da7ec324c16b32345e2e8772c&show_border=true&link_opens_in_new_window=true&price_color=333333&title_color=0066c0&bg_color=fafafa">
play,<iframe style="width:120px;height:240px;" marginwidth="0" marginheight="0" scrolling="no" frameborder="0" src="//ws-na.amazon-adsystem.com/widgets/q?ServiceVersion=20070822&OneJS=1&Operation=GetAdHtml&MarketPlace=US&source=ac&ref=tf_til&ad_type=product_link&tracking_id=jhhappyhour-20&marketplace=amazon&region=US&placement=0679755322&asins=0679755322&linkId=4472c97fd62a3569c83e9eee5171e101&show_border=true&link_opens_in_new_window=true&price_color=333333&title_color=0066c0&bg_color=fafafa">
play,<iframe style="width:120px;height:240px;" marginwidth="0" marginheight="0" scrolling="no" frameborder="0" src="//ws-na.amazon-adsystem.com/widgets/q?ServiceVersion=20070822&OneJS=1&Operation=GetAdHtml&MarketPlace=US&source=ac&ref=tf_til&ad_type=product_link&tracking_id=jhhappyhour-20&marketplace=amazon&region=US&placement=B003XNTTLM&asins=B003XNTTLM&linkId=e9d75f69a5534e8283db4f6555662fb1&show_border=true&link_opens_in_new_window=true&price_color=333333&title_color=0066c0&bg_color=fafafa">
play,<iframe style="width:120px;height:240px;" marginwidth="0" marginheight="0" scrolling="no" frameborder="0" src="//ws-na.amazon-adsystem.com/widgets/q?ServiceVersion=20070822&OneJS=1&Operation=GetAdHtml&MarketPlace=US&source=ac&ref=tf_til&ad_type=product_link&tracking_id=jhhappyhour-20&marketplace=amazon&region=US&placement=0865479984&asins=0865479984&linkId=95bb2f5b3c33b805b941c9e3a3a9e125&show_border=true&link_opens_in_new_window=true&price_color=333333&title_color=0066c0&bg_color=fafafa">
play,<iframe style="width:120px;height:240px;" marginwidth="0" marginheight="0" scrolling="no" frameborder="0" src="//ws-na.amazon-adsystem.com/widgets/q?ServiceVersion=20070822&OneJS=1&Operation=GetAdHtml&MarketPlace=US&source=ac&ref=tf_til&ad_type=product_link&tracking_id=jhhappyhour-20&marketplace=amazon&region=US&placement=088145222X&asins=088145222X&linkId=2ff9a37cd02575dab3a133813c73f89b&show_border=true&link_opens_in_new_window=true&price_color=333333&title_color=0066c0&bg_color=fafafa">
play,<iframe style="width:120px;height:240px;" marginwidth="0" marginheight="0" scrolling="no" frameborder="0" src="//ws-na.amazon-adsystem.com/widgets/q?ServiceVersion=20070822&OneJS=1&Operation=GetAdHtml&MarketPlace=US&source=ac&ref=tf_til&ad_type=product_link&tracking_id=jhhappyhour-20&marketplace=amazon&region=US&placement=057121150X&asins=057121150X&linkId=eb74972e3f2c936c47ac1edf0c310732&show_border=true&link_opens_in_new_window=true&price_color=333333&title_color=0066c0&bg_color=fafafa">
play,<iframe style="width:120px;height:240px;" marginwidth="0" marginheight="0" scrolling="no" frameborder="0" src="//ws-na.amazon-adsystem.com/widgets/q?ServiceVersion=20070822&OneJS=1&Operation=GetAdHtml&MarketPlace=US&source=ac&ref=tf_til&ad_type=product_link&tracking_id=jhhappyhour-20&marketplace=amazon&region=US&placement=B013JQLL2C&asins=B013JQLL2C&linkId=48426a356966d3d3e9178376669cdd4a&show_border=true&link_opens_in_new_window=true&price_color=333333&title_color=0066c0&bg_color=fafafa">
play,<iframe style="width:120px;height:240px;" marginwidth="0" marginheight="0" scrolling="no" frameborder="0" src="//ws-na.amazon-adsystem.com/widgets/q?ServiceVersion=20070822&OneJS=1&Operation=GetAdHtml&MarketPlace=US&source=ac&ref=tf_til&ad_type=product_link&tracking_id=jhhappyhour-20&marketplace=amazon&region=US&placement=0822221128&asins=0822221128&linkId=192dc1258b9fa15d9cb7279c6f797db8&show_border=true&link_opens_in_new_window=true&price_color=333333&title_color=0066c0&bg_color=fafafa">
play,<iframe style="width:120px;height:240px;" marginwidth="0" marginheight="0" scrolling="no" frameborder="0" src="//ws-na.amazon-adsystem.com/widgets/q?ServiceVersion=20070822&OneJS=1&Operation=GetAdHtml&MarketPlace=US&source=ac&ref=tf_til&ad_type=product_link&tracking_id=jhhappyhour-20&marketplace=amazon&region=US&placement=0822225093&asins=0822225093&linkId=bd7d666d22ef16c700ae2cb0b74be1d1&show_border=true&link_opens_in_new_window=true&price_color=333333&title_color=0066c0&bg_color=fafafa">
play,<iframe style="width:120px;height:240px;" marginwidth="0" marginheight="0" scrolling="no" frameborder="0" src="//ws-na.amazon-adsystem.com/widgets/q?ServiceVersion=20070822&OneJS=1&Operation=GetAdHtml&MarketPlace=US&source=ac&ref=tf_til&ad_type=product_link&tracking_id=jhhappyhour-20&marketplace=amazon&region=US&placement=0822220296&asins=0822220296&linkId=63ffc58d34b131ce048f65003ffee094&show_border=true&link_opens_in_new_window=true&price_color=333333&title_color=0066c0&bg_color=fafafa">
play,<iframe style="width:120px;height:240px;" marginwidth="0" marginheight="0" scrolling="no" frameborder="0" src="//ws-na.amazon-adsystem.com/widgets/q?ServiceVersion=20070822&OneJS=1&Operation=GetAdHtml&MarketPlace=US&source=ac&ref=tf_til&ad_type=product_link&tracking_id=jhhappyhour-20&marketplace=amazon&region=US&placement=0822220288&asins=0822220288&linkId=feccbbd098ee0e0f112dae1dff3f2e4d&show_border=true&link_opens_in_new_window=true&price_color=333333&title_color=0066c0&bg_color=fafafa">
play,<iframe style="width:120px;height:240px;" marginwidth="0" marginheight="0" scrolling="no" frameborder="0" src="//ws-na.amazon-adsystem.com/widgets/q?ServiceVersion=20070822&OneJS=1&Operation=GetAdHtml&MarketPlace=US&source=ac&ref=tf_til&ad_type=product_link&tracking_id=jhhappyhour-20&marketplace=amazon&region=US&placement=0822222175&asins=0822222175&linkId=319efb9866a65c69736d0712cc9a5da0&show_border=true&link_opens_in_new_window=true&price_color=333333&title_color=0066c0&bg_color=fafafa">
play,<iframe style="width:120px;height:240px;" marginwidth="0" marginheight="0" scrolling="no" frameborder="0" src="//ws-na.amazon-adsystem.com/widgets/q?ServiceVersion=20070822&OneJS=1&Operation=GetAdHtml&MarketPlace=US&source=ac&ref=tf_til&ad_type=product_link&tracking_id=jhhappyhour-20&marketplace=amazon&region=US&placement=082222285X&asins=082222285X&linkId=5fd6357d1491ad45b0a2385f2e8955d8&show_border=true&link_opens_in_new_window=true&price_color=333333&title_color=0066c0&bg_color=fafafa">
play,<iframe style="width:120px;height:240px;" marginwidth="0" marginheight="0" scrolling="no" frameborder="0" src="//ws-na.amazon-adsystem.com/widgets/q?ServiceVersion=20070822&OneJS=1&Operation=GetAdHtml&MarketPlace=US&source=ac&ref=tf_til&ad_type=product_link&tracking_id=jhhappyhour-20&marketplace=amazon&region=US&placement=0413566706&asins=0413566706&linkId=788a8c306cd41e1afc49d06ea4866430&show_border=true&link_opens_in_new_window=true&price_color=333333&title_color=0066c0&bg_color=fafafa">
play,<iframe style="width:120px;height:240px;" marginwidth="0" marginheight="0" scrolling="no" frameborder="0" src="//ws-na.amazon-adsystem.com/widgets/q?ServiceVersion=20070822&OneJS=1&Operation=GetAdHtml&MarketPlace=US&source=ac&ref=tf_til&ad_type=product_link&tracking_id=jhhappyhour-20&marketplace=amazon&region=US&placement=0413622703&asins=0413622703&linkId=ebfec9c45c2161a63fcad5e3fac2efe8&show_border=true&link_opens_in_new_window=true&price_color=333333&title_color=0066c0&bg_color=fafafa">
play,<iframe style="width:120px;height:240px;" marginwidth="0" marginheight="0" scrolling="no" frameborder="0" src="//ws-na.amazon-adsystem.com/widgets/q?ServiceVersion=20070822&OneJS=1&Operation=GetAdHtml&MarketPlace=US&source=ac&ref=tf_til&ad_type=product_link&tracking_id=jhhappyhour-20&marketplace=amazon&region=US&placement=1559365404&asins=1559365404&linkId=defccb4e84800233a6fb7f4f996423cf&show_border=true&link_opens_in_new_window=true&price_color=333333&title_color=0066c0&bg_color=fafafa">
play,<iframe style="width:120px;height:240px;" marginwidth="0" marginheight="0" scrolling="no" frameborder="0" src="//ws-na.amazon-adsystem.com/widgets/q?ServiceVersion=20070822&OneJS=1&Operation=GetAdHtml&MarketPlace=US&source=ac&ref=tf_til&ad_type=product_link&tracking_id=jhhappyhour-20&marketplace=amazon&region=US&placement=1854595407&asins=1854595407&linkId=c4a210b9bca90fa947f543c802dd5fc5&show_border=true&link_opens_in_new_window=true&price_color=333333&title_color=0066c0&bg_color=fafafa">
play,<iframe style="width:120px;height:240px;" marginwidth="0" marginheight="0" scrolling="no" frameborder="0" src="//ws-na.amazon-adsystem.com/widgets/q?ServiceVersion=20070822&OneJS=1&Operation=GetAdHtml&MarketPlace=US&source=ac&ref=tf_til&ad_type=product_link&tracking_id=jhhappyhour-20&marketplace=amazon&region=US&placement=1854593420&asins=1854593420&linkId=416f6408e629858038b1cc3735d6bbc0&show_border=true&link_opens_in_new_window=true&price_color=333333&title_color=0066c0&bg_color=fafafa">
play,<iframe style="width:120px;height:240px;" marginwidth="0" marginheight="0" scrolling="no" frameborder="0" src="//ws-na.amazon-adsystem.com/widgets/q?ServiceVersion=20070822&OneJS=1&Operation=GetAdHtml&MarketPlace=US&source=ac&ref=tf_til&ad_type=product_link&tracking_id=jhhappyhour-20&marketplace=amazon&region=US&placement=0802130917&asins=0802130917&linkId=37bdba3f9b264acbffeceee1f3c934fb&show_border=true&link_opens_in_new_window=true&price_color=333333&title_color=0066c0&bg_color=fafafa">
play,<iframe style="width:120px;height:240px;" marginwidth="0" marginheight="0" scrolling="no" frameborder="0" src="//ws-na.amazon-adsystem.com/widgets/q?ServiceVersion=20070822&OneJS=1&Operation=GetAdHtml&MarketPlace=US&source=ac&ref=tf_til&ad_type=product_link&tracking_id=jhhappyhour-20&marketplace=amazon&region=US&placement=0802150578&asins=0802150578&linkId=77dc14d66f90b6aab58c1b88ec233ee8&show_border=true&link_opens_in_new_window=true&price_color=333333&title_color=0066c0&bg_color=fafafa">
play,<iframe style="width:120px;height:240px;" marginwidth="0" marginheight="0" scrolling="no" frameborder="0" src="//ws-na.amazon-adsystem.com/widgets/q?ServiceVersion=20070822&OneJS=1&Operation=GetAdHtml&MarketPlace=US&source=ac&ref=tf_til&ad_type=product_link&tracking_id=jhhappyhour-20&marketplace=amazon&region=US&placement=067974536X&asins=067974536X&linkId=3778494505409215ef54ccd620d4e9b7&show_border=true&link_opens_in_new_window=true&price_color=333333&title_color=0066c0&bg_color=fafafa">
play,<iframe style="width:120px;height:240px;" marginwidth="0" marginheight="0" scrolling="no" frameborder="0" src="//ws-na.amazon-adsystem.com/widgets/q?ServiceVersion=20070822&OneJS=1&Operation=GetAdHtml&MarketPlace=US&source=ac&ref=tf_til&ad_type=product_link&tracking_id=jhhappyhour-20&marketplace=amazon&region=US&placement=0802130461&asins=0802130461&linkId=398dbf08c3980370a25b97bc671b34c8&show_border=true&link_opens_in_new_window=true&price_color=333333&title_color=0066c0&bg_color=fafafa">
play,<iframe style="width:120px;height:240px;" marginwidth="0" marginheight="0" scrolling="no" frameborder="0" src="//ws-na.amazon-adsystem.com/widgets/q?ServiceVersion=20070822&OneJS=1&Operation=GetAdHtml&MarketPlace=US&source=ac&ref=tf_til&ad_type=product_link&tracking_id=jhhappyhour-20&marketplace=amazon&region=US&placement=1559363827&asins=1559363827&linkId=25b1e914fb0d35724e5953aaa74a8b9a&show_border=true&link_opens_in_new_window=true&price_color=333333&title_color=0066c0&bg_color=fafafa">
play,<iframe style="width:120px;height:240px;" marginwidth="0" marginheight="0" scrolling="no" frameborder="0" src="//ws-na.amazon-adsystem.com/widgets/q?ServiceVersion=20070822&OneJS=1&Operation=GetAdHtml&MarketPlace=US&source=ac&ref=tf_til&ad_type=product_link&tracking_id=jhhappyhour-20&marketplace=amazon&region=US&placement=1559365021&asins=1559365021&linkId=e60b783a94fa0edb33eb8915037ead72&show_border=true&link_opens_in_new_window=true&price_color=333333&title_color=0066c0&bg_color=fafafa">
play,<iframe style="width:120px;height:240px;" marginwidth="0" marginheight="0" scrolling="no" frameborder="0" src="//ws-na.amazon-adsystem.com/widgets/q?ServiceVersion=20070822&OneJS=1&Operation=GetAdHtml&MarketPlace=US&source=ac&ref=tf_til&ad_type=product_link&tracking_id=jhhappyhour-20&marketplace=amazon&region=US&placement=1559365471&asins=1559365471&linkId=fcda27ba0a32559da8d2f548fd755ee2&show_border=true&link_opens_in_new_window=true&price_color=333333&title_color=0066c0&bg_color=fafafa">
play,<iframe style="width:120px;height:240px;" marginwidth="0" marginheight="0" scrolling="no" frameborder="0" src="//ws-na.amazon-adsystem.com/widgets/q?ServiceVersion=20070822&OneJS=1&Operation=GetAdHtml&MarketPlace=US&source=ac&ref=tf_til&ad_type=product_link&tracking_id=jhhappyhour-20&marketplace=amazon&region=US&placement=082221623X&asins=082221623X&linkId=e6fdc569ad7f989e6685ff58e0d759f7&show_border=true&link_opens_in_new_window=true&price_color=333333&title_color=0066c0&bg_color=fafafa">
play,<iframe style="width:120px;height:240px;" marginwidth="0" marginheight="0" scrolling="no" frameborder="0" src="//ws-na.amazon-adsystem.com/widgets/q?ServiceVersion=20070822&OneJS=1&Operation=GetAdHtml&MarketPlace=US&source=ac&ref=tf_til&ad_type=product_link&tracking_id=jhhappyhour-20&marketplace=amazon&region=US&placement=1559361093&asins=1559361093&linkId=3cbb507122d22ec4a72366f742c904e2&show_border=true&link_opens_in_new_window=true&price_color=333333&title_color=0066c0&bg_color=fafafa">
play,<iframe style="width:120px;height:240px;" marginwidth="0" marginheight="0" scrolling="no" frameborder="0" src="//ws-na.amazon-adsystem.com/widgets/q?ServiceVersion=20070822&OneJS=1&Operation=GetAdHtml&MarketPlace=US&source=ac&ref=tf_til&ad_type=product_link&tracking_id=jhhappyhour-20&marketplace=amazon&region=US&placement=1559361441&asins=1559361441&linkId=f6acb9f11795183f4e2400b0f059071c&show_border=true&link_opens_in_new_window=true&price_color=333333&title_color=0066c0&bg_color=fafafa">
play,<iframe style="width:120px;height:240px;" marginwidth="0" marginheight="0" scrolling="no" frameborder="0" src="//ws-na.amazon-adsystem.com/widgets/q?ServiceVersion=20070822&OneJS=1&Operation=GetAdHtml&MarketPlace=US&source=ac&ref=tf_til&ad_type=product_link&tracking_id=jhhappyhour-20&marketplace=amazon&region=US&placement=0822213915&asins=0822213915&linkId=333e8f5b4f2594af11ce454833377c00&show_border=true&link_opens_in_new_window=true&price_color=333333&title_color=0066c0&bg_color=fafafa">
play,<iframe style="width:120px;height:240px;" marginwidth="0" marginheight="0" scrolling="no" frameborder="0" src="//ws-na.amazon-adsystem.com/widgets/q?ServiceVersion=20070822&OneJS=1&Operation=GetAdHtml&MarketPlace=US&source=ac&ref=tf_til&ad_type=product_link&tracking_id=jhhappyhour-20&marketplace=amazon&region=US&placement=0822216698&asins=0822216698&linkId=b3d1f53225c24c7ee83dad693008eb0b&show_border=true&link_opens_in_new_window=true&price_color=333333&title_color=0066c0&bg_color=fafafa">
